Symbol,Year,Month,Week,Day,Hour,Minute,Open,High,Low,Close,Volume
EURJPY,2017,4,5,28,0,0,121.390,121.536,121.372,121.509,1688.000,
EURJPY,2017,4,4,27,0,0,121.389,121.421,121.338,121.393,2091.000,
EURJPY,2017,4,3,26,0,0,121.430,121.435,121.360,121.390,2777.000,
EURJPY,2017,4,2,25,0,0,121.361,121.451,121.358,121.429,2742.000,
EURJPY,2017,4,1,24,0,0,121.367,121.439,121.346,121.362,3188.000,
EURJPY,2017,4,5,21,0,0,121.436,121.461,121.365,121.367,2984.000,
EURJPY,2017,4,4,20,0,0,121.524,121.545,121.415,121.437,2230.000,
EURJPY,2017,4,3,19,0,0,121.455,121.546,121.431,121.526,2966.000,
EURJPY,2017,4,2,18,0,0,121.455,121.468,121.395,121.454,2657.000,
EURJPY,2017,4,1,17,0,0,121.410,121.457,121.338,121.457,3611.000,
EURJPY,2017,4,5,14,0,0,121.389,121.469,121.347,121.409,3964.000,
EURJPY,2017,4,4,13,0,0,121.394,121.556,121.273,121.388,6237.000,
EURJPY,2017,4,3,12,0,0,121.525,121.675,121.272,121.395,6898.000,
EURJPY,2017,4,2,11,0,0,121.702,121.761,121.424,121.525,6650.000,
EURJPY,2017,4,1,10,0,0,121.784,121.806,121.615,121.703,6434.000,
EURJPY,2017,4,5,7,0,0,121.738,121.786,121.628,121.780,5037.000,
EURJPY,2017,4,4,6,0,0,121.738,121.939,121.731,121.738,8539.000,
EURJPY,2017,4,3,5,0,0,121.791,121.845,121.686,121.747,4196.000,
EURJPY,2017,4,2,4,0,0,121.764,121.800,121.700,121.793,3285.000,
EURJPY,2017,4,1,3,0,0,121.912,121.922,121.699,121.764,4137.000,
EURJPY,2017,3,5,31,0,0,121.854,121.987,121.844,121.911,2803.000,
EURJPY,2017,3,4,30,0,0,121.943,121.978,121.853,121.854,3171.000,
EURJPY,2017,3,3,29,0,0,121.813,121.994,121.813,121.948,4091.000,
EURJPY,2017,3,2,28,0,0,121.284,121.951,121.283,121.813,8005.000,
EURJPY,2017,3,1,27,0,0,121.286,121.305,121.195,121.287,3980.000,
EURJPY,2017,3,5,24,0,0,121.133,121.323,121.107,121.283,4038.000,
EURJPY,2017,3,4,23,0,0,121.092,121.193,121.074,121.132,3150.000,
EURJPY,2017,3,3,22,0,0,121.039,121.219,121.039,121.092,4331.000,
EURJPY,2017,3,2,21,0,0,120.889,121.106,120.874,121.037,3365.000,
EURJPY,2017,3,1,20,0,0,120.745,120.940,120.743,120.894,3317.000,
EURJPY,2017,3,5,17,0,0,120.732,120.782,120.706,120.746,3377.000,
EURJPY,2017,3,4,16,0,0,120.694,120.756,120.687,120.733,2290.000,
EURJPY,2017,3,3,15,0,0,120.781,120.808,120.692,120.694,2343.000,
EURJPY,2017,3,2,14,0,0,120.763,120.800,120.758,120.779,1143.000,
EURJPY,2017,3,1,13,0,0,120.816,120.818,120.759,120.763,1188.000,
EURJPY,2017,3,5,10,0,0,120.772,120.874,120.746,120.817,1899.000,
EURJPY,2017,3,4,9,0,0,120.829,120.832,120.753,120.771,1990.000,
EURJPY,2017,3,3,8,0,0,120.772,120.849,120.765,120.831,1905.000,
EURJPY,2017,3,2,7,0,0,120.835,120.837,120.685,120.773,3299.000,
EURJPY,2017,3,1,6,0,0,120.831,120.877,120.724,120.835,2828.000,
EURJPY,2017,3,5,3,0,0,120.864,120.912,120.752,120.829,3188.000,
EURJPY,2017,3,4,2,0,0,120.838,121.009,120.831,120.865,3179.000,
EURJPY,2017,3,3,1,0,0,120.789,120.849,120.762,120.837,1889.000,
EURJPY,2017,2,2,28,0,0,120.938,120.938,120.790,120.790,1756.000,
EURJPY,2017,2,1,27,0,0,121.010,121.017,120.938,120.942,1510.000,
EURJPY,2017,2,5,24,0,0,120.970,121.043,120.949,121.008,1662.000,
EURJPY,2017,2,4,23,0,0,120.950,120.991,120.930,120.970,645.000,
EURJPY,2017,2,3,22,0,0,120.988,120.993,120.944,120.950,340.000,
EURJPY,2017,2,2,21,0,0,120.904,120.978,120.901,120.959,2223.000,
EURJPY,2017,2,1,20,0,0,120.912,120.952,120.892,120.903,2503.000,
EURJPY,2017,2,5,17,0,0,121.003,121.016,120.899,120.914,3281.000,
EURJPY,2017,2,4,16,0,0,121.010,121.019,120.925,121.003,3316.000,
EURJPY,2017,2,3,15,0,0,120.948,121.044,120.947,121.010,3426.000,
EURJPY,2017,2,2,14,0,0,121.003,121.032,120.901,120.948,3107.000,
EURJPY,2017,2,1,13,0,0,121.008,121.030,120.938,121.003,3256.000,
EURJPY,2017,2,5,10,0,0,121.017,121.059,120.934,121.008,4001.000,
EURJPY,2017,2,4,9,0,0,120.818,121.019,120.815,121.014,3442.000,
EURJPY,2017,2,3,8,0,0,120.718,120.947,120.699,120.821,4301.000,
EURJPY,2017,2,2,7,0,0,120.779,120.826,120.600,120.717,4916.000,
EURJPY,2017,2,1,6,0,0,120.813,120.850,120.713,120.778,5894.000,
EURJPY,2017,2,5,3,0,0,121.041,121.055,120.734,120.817,7104.000,
EURJPY,2017,2,4,2,0,0,121.168,121.235,121.008,121.041,6440.000,
EURJPY,2017,2,3,1,0,0,121.286,121.288,120.916,121.169,8043.000,
EURJPY,2017,1,2,31,0,0,121.400,121.423,120.921,121.285,9222.000,
EURJPY,2017,1,1,30,0,0,121.268,121.886,121.235,121.398,11253.000,
EURJPY,2017,1,5,27,0,0,121.294,121.383,121.230,121.271,5223.000,
EURJPY,2017,1,4,26,0,0,121.387,121.397,121.154,121.297,5202.000,
EURJPY,2017,1,3,25,0,0,121.327,121.404,121.314,121.391,2740.000,
EURJPY,2017,1,2,24,0,0,121.397,121.425,121.305,121.326,3171.000,
EURJPY,2017,1,1,23,0,0,121.225,121.402,121.191,121.397,2741.000,
EURJPY,2017,1,5,20,0,0,121.264,121.310,121.184,121.225,3569.000,
EURJPY,2017,1,4,19,0,0,121.447,121.474,121.246,121.267,4095.000,
EURJPY,2017,1,3,18,0,0,121.513,121.629,121.378,121.448,4174.000,
EURJPY,2017,1,2,17,0,0,121.337,121.543,121.285,121.513,4335.000,
EURJPY,2017,1,1,16,0,0,121.396,121.433,121.272,121.337,4275.000,
EURJPY,2017,1,5,13,0,0,121.415,121.579,121.333,121.397,5209.000,
EURJPY,2017,1,4,12,0,0,121.274,121.413,121.263,121.413,3740.000,
EURJPY,2017,1,3,11,0,0,121.226,121.316,121.215,121.275,3659.000,
EURJPY,2017,1,2,10,0,0,121.302,121.311,121.223,121.225,2132.000,
EURJPY,2017,1,1,9,0,0,121.322,121.338,121.270,121.302,2418.000,
EURJPY,2017,1,5,6,0,0,121.329,121.351,121.268,121.323,2230.000,
EURJPY,2017,1,4,5,0,0,121.260,121.350,121.225,121.328,2541.000,
EURJPY,2017,1,3,4,0,0,121.361,121.379,121.229,121.260,2900.000,
EURJPY,2017,1,2,3,0,0,121.408,121.426,121.303,121.359,3556.000,
EURJPY,2017,1,1,2,0,0,121.400,121.473,121.349,121.407,3426.000,
EURJPY,2016,12,5,30,0,0,121.416,121.424,121.357,121.401,2658.000,
EURJPY,2016,12,4,29,0,0,121.442,121.453,121.319,121.417,2598.000,
EURJPY,2016,12,3,28,0,0,121.342,121.478,121.331,121.438,2751.000,
EURJPY,2016,12,2,27,0,0,121.391,121.452,121.339,121.339,2822.000,
EURJPY,2016,12,1,26,0,0,121.268,121.459,121.245,121.391,3349.000,
EURJPY,2016,12,5,23,0,0,121.272,121.332,121.265,121.267,2079.000,
EURJPY,2016,12,4,22,0,0,121.294,121.294,121.219,121.273,1788.000,
EURJPY,2016,12,3,21,0,0,121.297,121.315,121.239,121.293,2836.000,
EURJPY,2016,12,2,20,0,0,121.146,121.311,121.084,121.294,4056.000,
EURJPY,2016,12,1,19,0,0,121.121,121.142,121.054,121.142,780.000,
EURJPY,2016,12,5,16,0,0,121.028,121.141,121.022,121.119,376.000,
EURJPY,2016,12,4,15,0,0,121.118,121.119,120.909,121.075,2253.000,
EURJPY,2016,12,3,14,0,0,121.119,121.188,121.106,121.116,2370.000,
EURJPY,2016,12,2,13,0,0,121.367,121.381,121.051,121.120,5068.000,
EURJPY,2016,12,1,12,0,0,121.362,121.421,121.342,121.367,4014.000,
EURJPY,2016,12,5,9,0,0,121.284,121.395,121.255,121.363,5466.000,
EURJPY,2016,12,4,8,0,0,121.290,121.403,121.206,121.283,8144.000,
EURJPY,2016,12,3,7,0,0,121.454,121.477,121.201,121.285,8789.000,
EURJPY,2016,12,2,6,0,0,121.481,121.533,121.401,121.453,3976.000,
EURJPY,2016,12,1,5,0,0,121.343,121.552,121.295,121.481,4589.000,
EURJPY,2016,12,5,2,0,0,121.247,121.372,121.227,121.340,4890.000,
EURJPY,2016,12,4,1,0,0,121.430,121.433,121.129,121.248,6915.000,
EURJPY,2016,11,3,30,0,0,121.362,121.540,121.339,121.430,6603.000,
EURJPY,2016,11,2,29,0,0,121.484,121.520,121.224,121.360,7576.000,
EURJPY,2016,11,1,28,0,0,121.330,121.483,121.275,121.483,5868.000,
EURJPY,2016,11,5,25,0,0,121.234,121.441,121.215,121.334,6842.000,
EURJPY,2016,11,4,24,0,0,121.343,121.347,121.055,121.233,6272.000,
EURJPY,2016,11,3,23,0,0,121.339,121.676,121.294,121.342,8448.000,
EURJPY,2016,11,2,22,0,0,121.289,121.390,121.261,121.342,4474.000,
EURJPY,2016,11,1,21,0,0,121.117,121.326,121.108,121.290,4156.000,
EURJPY,2016,11,5,18,0,0,121.095,121.184,121.059,121.117,3449.000,
EURJPY,2016,11,4,17,0,0,121.072,121.142,120.954,121.096,4405.000,
EURJPY,2016,11,3,16,0,0,121.313,121.313,121.054,121.072,3488.000,
EURJPY,2016,11,2,15,0,0,121.216,121.332,121.186,121.313,4309.000,
EURJPY,2016,11,1,14,0,0,121.268,121.313,121.165,121.215,3993.000,
EURJPY,2016,11,5,11,0,0,121.300,121.398,121.117,121.266,5091.000,
EURJPY,2016,11,4,10,0,0,121.390,121.511,121.261,121.300,4746.000,
EURJPY,2016,11,3,9,0,0,121.696,121.722,121.308,121.389,5637.000,
EURJPY,2016,11,2,8,0,0,121.750,121.873,121.635,121.696,4597.000,
EURJPY,2016,11,1,7,0,0,121.905,121.920,121.674,121.750,4336.000,
EURJPY,2016,11,5,4,0,0,121.927,121.927,121.780,121.906,5008.000,
EURJPY,2016,11,4,3,0,0,121.886,121.931,121.832,121.928,2784.000,
EURJPY,2016,11,3,2,0,0,121.747,121.973,121.747,121.885,3493.000,
EURJPY,2016,11,2,1,0,0,121.684,121.789,121.676,121.746,2413.000,
EURJPY,2016,10,1,31,0,0,121.603,121.691,121.583,121.686,1950.000,
EURJPY,2016,10,5,28,0,0,121.647,121.652,121.580,121.604,1827.000,
EURJPY,2016,10,4,27,0,0,121.695,121.707,121.637,121.647,1786.000,
EURJPY,2016,10,3,26,0,0,121.638,121.710,121.591,121.694,2163.000,
EURJPY,2016,10,2,25,0,0,121.690,121.719,121.620,121.636,2366.000,
EURJPY,2016,10,1,24,0,0,121.593,121.697,121.550,121.689,3682.000,
EURJPY,2016,10,5,21,0,0,121.722,121.749,121.567,121.593,3513.000,
EURJPY,2016,10,4,20,0,0,121.731,121.859,121.717,121.722,3973.000,
EURJPY,2016,10,3,19,0,0,121.373,121.748,121.344,121.732,4655.000,
EURJPY,2016,10,2,18,0,0,121.328,121.386,121.258,121.373,2866.000,
EURJPY,2016,10,1,17,0,0,121.296,121.379,121.289,121.328,2127.000,
EURJPY,2016,10,5,14,0,0,121.355,121.384,121.288,121.296,2172.000,
EURJPY,2016,10,4,13,0,0,121.370,121.418,121.339,121.354,3182.000,
EURJPY,2016,10,3,12,0,0,121.351,121.406,121.339,121.368,1062.000,
EURJPY,2016,10,2,11,0,0,121.375,121.428,121.314,121.351,738.000,
EURJPY,2016,10,1,10,0,0,121.506,121.510,121.355,121.360,2477.000,
EURJPY,2016,10,5,7,0,0,121.513,121.525,121.445,121.507,1927.000,
EURJPY,2016,10,4,6,0,0,121.448,121.532,121.388,121.513,2772.000,
EURJPY,2016,10,3,5,0,0,121.492,121.526,121.406,121.448,3125.000,
EURJPY,2016,10,2,4,0,0,121.535,121.571,121.459,121.492,3074.000,
EURJPY,2016,10,1,3,0,0,121.351,121.566,121.324,121.536,3457.000,
EURJPY,2016,9,5,30,0,0,121.359,121.395,121.301,121.353,2860.000,
EURJPY,2016,9,4,29,0,0,121.505,121.539,121.335,121.357,3547.000,
EURJPY,2016,9,3,28,0,0,121.528,121.580,121.456,121.505,3432.000,
EURJPY,2016,9,2,27,0,0,121.318,121.641,121.295,121.529,4707.000,
EURJPY,2016,9,1,26,0,0,121.275,121.416,121.239,121.318,4750.000,
EURJPY,2016,9,5,23,0,0,121.156,121.312,121.019,121.274,6137.000,
EURJPY,2016,9,4,22,0,0,120.916,121.160,120.891,121.155,6340.000,
EURJPY,2016,9,3,21,0,0,120.543,120.999,120.510,120.913,8888.000,
EURJPY,2016,9,2,20,0,0,120.542,120.627,120.493,120.547,6353.000,
EURJPY,2016,9,1,19,0,0,120.488,120.640,120.371,120.540,5179.000,
EURJPY,2016,9,5,16,0,0,120.500,120.550,120.412,120.489,4766.000,
EURJPY,2016,9,4,15,0,0,120.289,120.516,120.286,120.498,5286.000,
EURJPY,2016,9,3,14,0,0,120.162,120.295,120.146,120.288,3779.000,
EURJPY,2016,9,2,13,0,0,120.117,120.189,120.114,120.162,3277.000,
EURJPY,2016,9,1,12,0,0,120.086,120.146,120.017,120.116,3618.000,
EURJPY,2016,9,5,9,0,0,120.109,120.210,120.085,120.085,3714.000,
EURJPY,2016,9,4,8,0,0,120.425,120.453,120.085,120.109,4700.000,
EURJPY,2016,9,3,7,0,0,120.328,120.446,120.297,120.426,3679.000,
EURJPY,2016,9,2,6,0,0,120.159,120.351,120.151,120.329,3793.000,
EURJPY,2016,9,1,5,0,0,120.072,120.235,120.059,120.160,4153.000,
EURJPY,2016,9,5,2,0,0,120.111,120.174,120.036,120.072,5100.000,
EURJPY,2016,9,4,1,0,0,119.955,120.114,119.908,120.112,5867.000,
EURJPY,2016,8,3,31,0,0,119.742,120.043,119.718,119.954,4277.000,
EURJPY,2016,8,2,30,0,0,119.674,119.790,119.649,119.738,3984.000,
EURJPY,2016,8,1,29,0,0,119.597,119.758,119.594,119.675,4073.000,
EURJPY,2016,8,5,26,0,0,119.532,119.635,119.530,119.596,1956.000,
EURJPY,2016,8,4,25,0,0,119.627,119.663,119.521,119.532,2514.000,
EURJPY,2016,8,3,24,0,0,119.486,119.645,119.470,119.626,2682.000,
EURJPY,2016,8,2,23,0,0,119.531,119.569,119.454,119.486,2723.000,
EURJPY,2016,8,1,22,0,0,119.565,119.582,119.529,119.534,1530.000,
EURJPY,2016,8,5,19,0,0,119.500,119.612,119.492,119.566,2877.000,
EURJPY,2016,8,4,18,0,0,119.256,119.510,119.256,119.501,4178.000,
EURJPY,2016,8,3,17,0,0,119.310,119.420,119.251,119.256,3620.000,
EURJPY,2016,8,2,16,0,0,119.332,119.396,119.283,119.309,3453.000,
EURJPY,2016,8,1,15,0,0,119.324,119.400,119.219,119.331,3118.000,
EURJPY,2016,8,5,12,0,0,119.107,119.336,119.106,119.325,3158.000,
EURJPY,2016,8,4,11,0,0,119.237,119.238,119.058,119.107,2417.000,
EURJPY,2016,8,3,10,0,0,119.344,119.344,119.222,119.238,1291.000,
EURJPY,2016,8,2,9,0,0,119.349,119.360,119.291,119.344,1479.000,
EURJPY,2016,8,1,8,0,0,119.275,119.356,119.243,119.351,2155.000,
EURJPY,2016,8,5,5,0,0,119.222,119.291,119.217,119.272,1269.000,
EURJPY,2016,8,4,4,0,0,119.232,119.287,119.215,119.223,507.000,
EURJPY,2016,8,3,3,0,0,119.213,119.281,119.213,119.268,1857.000,
EURJPY,2016,8,2,2,0,0,119.233,119.271,119.170,119.213,2165.000,
EURJPY,2016,8,1,1,0,0,119.208,119.266,119.176,119.234,2949.000,
EURJPY,2016,7,5,29,0,0,119.170,119.252,119.170,119.209,2698.000,
EURJPY,2016,7,4,28,0,0,119.202,119.214,119.119,119.168,3454.000,
EURJPY,2016,7,3,27,0,0,119.115,119.293,119.052,119.201,3929.000,
EURJPY,2016,7,2,26,0,0,119.173,119.201,119.024,119.116,3246.000,
EURJPY,2016,7,1,25,0,0,119.020,119.199,119.015,119.174,3502.000,
EURJPY,2016,7,5,22,0,0,119.123,119.171,118.912,119.018,3719.000,
EURJPY,2016,7,4,21,0,0,119.040,119.171,118.961,119.124,3896.000,
EURJPY,2016,7,3,20,0,0,119.238,119.327,119.041,119.044,4441.000,
EURJPY,2016,7,2,19,0,0,119.346,119.501,119.209,119.237,6201.000,
EURJPY,2016,7,1,18,0,0,119.558,119.573,119.313,119.344,6474.000,
EURJPY,2016,7,5,15,0,0,119.664,119.746,119.486,119.558,5473.000,
EURJPY,2016,7,4,14,0,0,119.779,119.791,119.640,119.664,6757.000,
EURJPY,2016,7,3,13,0,0,119.585,119.802,119.581,119.778,4902.000,
EURJPY,2016,7,2,12,0,0,119.667,119.699,119.546,119.586,5161.000,
EURJPY,2016,7,1,11,0,0,119.489,119.682,119.488,119.667,5027.000,
EURJPY,2016,7,5,8,0,0,119.624,119.656,119.476,119.486,4127.000,
EURJPY,2016,7,4,7,0,0,119.608,119.713,119.568,119.626,3732.000,
EURJPY,2016,7,3,6,0,0,119.684,119.700,119.488,119.608,3796.000,
EURJPY,2016,7,2,5,0,0,119.795,119.879,119.658,119.684,3640.000,
EURJPY,2016,7,1,4,0,0,119.715,119.832,119.660,119.796,4241.000,
EURJPY,2016,7,5,1,0,0,119.592,119.734,119.488,119.716,4538.000,
EURJPY,2016,6,4,30,0,0,119.668,119.698,119.444,119.593,4699.000,
EURJPY,2016,6,3,29,0,0,119.500,119.742,119.495,119.668,5610.000,
EURJPY,2016,6,2,28,0,0,119.389,119.664,119.320,119.500,5933.000,
EURJPY,2016,6,1,27,0,0,119.485,119.538,119.221,119.390,7233.000,
EURJPY,2016,6,5,24,0,0,119.495,119.524,119.242,119.484,6799.000,
EURJPY,2016,6,4,23,0,0,119.772,119.830,119.496,119.496,7048.000,
EURJPY,2016,6,3,22,0,0,119.541,119.930,119.435,119.772,5063.000,
EURJPY,2016,6,2,21,0,0,119.515,119.604,119.437,119.539,3253.000,
EURJPY,2016,6,1,20,0,0,119.294,119.526,119.264,119.515,3093.000,
EURJPY,2016,6,5,17,0,0,119.295,119.328,119.271,119.294,1907.000,
EURJPY,2016,6,4,16,0,0,119.375,119.384,119.287,119.294,2458.000,
EURJPY,2016,6,3,15,0,0,119.303,119.395,119.245,119.376,2933.000,
EURJPY,2016,6,2,14,0,0,119.118,119.314,119.083,119.304,3125.000,
EURJPY,2016,6,1,13,0,0,119.259,119.306,118.987,119.119,4678.000,
EURJPY,2016,6,5,10,0,0,119.346,119.358,119.161,119.259,4032.000,
EURJPY,2016,6,4,9,0,0,119.476,119.478,119.307,119.346,5082.000,
EURJPY,2016,6,3,8,0,0,119.214,119.475,119.111,119.472,5522.000,
EURJPY,2016,6,2,7,0,0,119.617,119.666,119.102,119.215,6577.000,
EURJPY,2016,6,1,6,0,0,119.685,119.722,119.478,119.618,4124.000,
EURJPY,2016,6,5,3,0,0,119.765,119.845,119.624,119.684,3490.000,
EURJPY,2016,6,4,2,0,0,119.798,119.831,119.586,119.765,4200.000,
EURJPY,2016,6,3,1,0,0,120.040,120.129,119.795,119.799,6205.000,
EURJPY,2016,5,2,31,0,0,119.890,120.349,119.840,120.123,1641.000,
EURJPY,2016,5,1,30,0,0,120.491,120.543,119.890,119.890,2084.000,
EURJPY,2016,5,5,27,0,0,116.874,117.113,116.848,116.994,3252.000,
EURJPY,2016,5,4,26,0,0,116.753,116.881,116.717,116.874,2048.000,
EURJPY,2016,5,3,25,0,0,116.714,116.817,116.664,116.754,3058.000,
EURJPY,2016,5,2,24,0,0,116.778,116.781,116.674,116.715,3689.000,
EURJPY,2016,5,1,23,0,0,116.784,116.833,116.722,116.777,3308.000,
EURJPY,2016,5,5,20,0,0,116.847,116.868,116.723,116.788,5358.000,
EURJPY,2016,5,4,19,0,0,116.603,116.947,116.570,116.847,4341.000,
EURJPY,2016,5,3,18,0,0,116.526,116.623,116.465,116.604,3990.000,
EURJPY,2016,5,2,17,0,0,116.505,116.552,116.462,116.527,3399.000,
EURJPY,2016,5,1,16,0,0,116.644,116.651,116.477,116.503,3877.000,
EURJPY,2016,5,5,13,0,0,116.697,116.741,116.633,116.643,4556.000,
EURJPY,2016,5,4,12,0,0,116.591,116.700,116.473,116.698,6140.000,
EURJPY,2016,5,3,11,0,0,116.819,116.831,116.559,116.592,5523.000,
EURJPY,2016,5,2,10,0,0,116.719,116.858,116.560,116.818,5921.000,
EURJPY,2016,5,1,9,0,0,116.751,116.851,116.696,116.722,6021.000,
EURJPY,2016,5,5,6,0,0,116.741,116.861,116.700,116.752,4397.000,
EURJPY,2016,5,4,5,0,0,116.714,116.820,116.675,116.741,3810.000,
EURJPY,2016,5,3,4,0,0,116.675,116.746,116.613,116.709,4364.000,
EURJPY,2016,5,2,3,0,0,116.756,116.842,116.672,116.675,3273.000,
EURJPY,2016,5,1,2,0,0,116.721,116.763,116.669,116.756,3919.000,
EURJPY,2016,4,5,29,0,0,116.601,116.720,116.582,116.720,3378.000,
EURJPY,2016,4,4,28,0,0,116.837,116.870,116.601,116.604,3804.000,
EURJPY,2016,4,3,27,0,0,116.754,116.864,116.734,116.839,3423.000,
EURJPY,2016,4,2,26,0,0,116.950,116.986,116.682,116.751,5100.000,
EURJPY,2016,4,1,25,0,0,117.082,117.082,116.901,116.948,4884.000,
EURJPY,2016,4,5,22,0,0,117.072,117.112,117.002,117.082,4270.000,
EURJPY,2016,4,4,21,0,0,117.234,117.244,117.026,117.073,5199.000,
EURJPY,2016,4,3,20,0,0,117.240,117.302,117.181,117.235,5014.000,
EURJPY,2016,4,2,19,0,0,117.127,117.258,117.106,117.242,3321.000,
EURJPY,2016,4,1,18,0,0,117.140,117.168,117.093,117.126,3281.000,
EURJPY,2016,4,5,15,0,0,117.045,117.174,117.041,117.140,2645.000,
EURJPY,2016,4,4,14,0,0,117.063,117.072,117.025,117.044,1756.000,
EURJPY,2016,4,3,13,0,0,117.090,117.097,117.037,117.061,1898.000,
EURJPY,2016,4,2,12,0,0,117.062,117.097,117.055,117.091,1184.000,
EURJPY,2016,4,1,11,0,0,117.067,117.089,117.031,117.062,1863.000,
EURJPY,2016,4,5,8,0,0,117.021,117.095,116.989,117.066,1489.000,
EURJPY,2016,4,4,7,0,0,117.073,117.073,117.008,117.020,1465.000,
EURJPY,2016,4,3,6,0,0,117.082,117.105,117.073,117.073,1554.000,
EURJPY,2016,4,2,5,0,0,117.055,117.110,117.043,117.081,2186.000,
EURJPY,2016,4,1,4,0,0,117.109,117.167,117.052,117.054,2517.000,
EURJPY,2016,4,5,1,0,0,117.219,117.246,117.082,117.109,2634.000,
EURJPY,2016,3,4,31,0,0,117.188,117.240,117.152,117.220,2580.000,
EURJPY,2016,3,3,30,0,0,117.215,117.239,117.157,117.183,1621.000,
EURJPY,2016,3,2,29,0,0,117.207,117.223,117.160,117.216,1694.000,
EURJPY,2016,3,1,28,0,0,117.118,117.217,117.118,117.207,1815.000,
EURJPY,2016,3,5,25,0,0,117.095,117.150,117.043,117.118,1934.000,
EURJPY,2016,3,4,24,0,0,117.144,117.152,117.087,117.097,663.000,
EURJPY,2016,3,3,23,0,0,117.170,117.191,117.113,117.145,760.000,
EURJPY,2016,3,2,22,0,0,117.126,117.159,117.112,117.146,1688.000,
EURJPY,2016,3,1,21,0,0,117.169,117.219,117.103,117.126,1856.000,
EURJPY,2016,3,5,18,0,0,117.126,117.195,117.121,117.170,4318.000,
EURJPY,2016,3,4,17,0,0,117.200,117.234,117.095,117.125,3575.000,
EURJPY,2016,3,3,16,0,0,117.178,117.217,117.148,117.202,3482.000,
EURJPY,2016,3,2,15,0,0,117.269,117.280,117.145,117.178,3531.000,
EURJPY,2016,3,1,14,0,0,117.318,117.427,117.238,117.264,5067.000,
EURJPY,2016,3,5,11,0,0,117.471,117.502,117.249,117.318,3874.000,
EURJPY,2016,3,4,10,0,0,117.555,117.604,117.465,117.470,3630.000,
EURJPY,2016,3,3,9,0,0,117.596,117.646,117.552,117.556,4852.000,
EURJPY,2016,3,2,8,0,0,117.640,117.714,117.563,117.596,5482.000,
EURJPY,2016,3,1,7,0,0,117.545,117.666,117.441,117.641,5572.000,
EURJPY,2016,3,5,4,0,0,117.566,117.623,117.487,117.544,6033.000,
EURJPY,2016,3,4,3,0,0,117.411,117.814,117.406,117.566,8550.000,
EURJPY,2016,3,3,2,0,0,117.596,117.653,117.377,117.413,7723.000,
EURJPY,2016,3,2,1,0,0,117.251,117.629,117.234,117.597,6847.000,
EURJPY,2016,2,1,29,0,0,117.152,117.260,117.118,117.251,4405.000,
EURJPY,2016,2,5,26,0,0,117.211,117.224,117.120,117.152,3360.000,
EURJPY,2016,2,4,25,0,0,117.163,117.256,117.160,117.220,3037.000,
EURJPY,2016,2,3,24,0,0,117.320,117.321,117.139,117.163,3672.000,
EURJPY,2016,2,2,23,0,0,117.284,117.358,117.277,117.320,2644.000,
EURJPY,2016,2,1,22,0,0,117.363,117.387,117.271,117.283,3403.000,
EURJPY,2016,2,5,19,0,0,117.395,117.466,117.341,117.360,3732.000,
EURJPY,2016,2,4,18,0,0,117.436,117.452,117.357,117.397,4136.000,
EURJPY,2016,2,3,17,0,0,117.260,117.492,117.231,117.434,4991.000,
EURJPY,2016,2,2,16,0,0,117.154,117.361,117.113,117.260,5415.000,
EURJPY,2016,2,1,15,0,0,116.922,117.211,116.917,117.154,5022.000,
EURJPY,2016,2,5,12,0,0,116.840,117.014,116.759,116.922,5662.000,
EURJPY,2016,2,4,11,0,0,116.712,116.901,116.669,116.841,4592.000,
EURJPY,2016,2,3,10,0,0,116.800,116.837,116.707,116.712,3375.000,
EURJPY,2016,2,2,9,0,0,116.848,116.857,116.759,116.801,2550.000,
EURJPY,2016,2,1,8,0,0,116.852,116.883,116.824,116.848,1894.000,
EURJPY,2016,2,5,5,0,0,116.831,116.898,116.807,116.852,1823.000,
EURJPY,2016,2,4,4,0,0,116.811,116.831,116.793,116.829,1517.000,
EURJPY,2016,2,3,3,0,0,116.742,116.816,116.719,116.811,1843.000,
EURJPY,2016,2,2,2,0,0,116.716,116.755,116.715,116.743,1444.000,
EURJPY,2016,2,1,1,0,0,116.766,116.767,116.714,116.714,2102.000,
EURJPY,2016,1,5,29,0,0,116.786,116.804,116.744,116.766,2331.000,
EURJPY,2016,1,4,28,0,0,116.677,116.812,116.671,116.787,3456.000,
EURJPY,2016,1,3,27,0,0,116.751,116.759,116.644,116.678,2581.000,
EURJPY,2016,1,2,26,0,0,116.756,116.824,116.740,116.751,2889.000,
EURJPY,2016,1,1,25,0,0,116.608,116.760,116.595,116.755,2862.000,
EURJPY,2016,1,5,22,0,0,116.605,116.648,116.560,116.608,2108.000,
EURJPY,2016,1,4,21,0,0,116.708,116.708,116.590,116.605,1877.000,
EURJPY,2016,1,3,20,0,0,116.685,116.716,116.657,116.707,2353.000,
EURJPY,2016,1,2,19,0,0,116.568,116.694,116.563,116.680,1758.000,
EURJPY,2016,1,1,18,0,0,116.582,116.602,116.531,116.571,1023.000,
EURJPY,2016,1,5,15,0,0,116.595,116.626,116.528,116.583,611.000,
EURJPY,2016,1,4,14,0,0,116.589,116.600,116.547,116.590,1839.000,
EURJPY,2016,1,3,13,0,0,116.639,116.651,116.555,116.589,1523.000,
EURJPY,2016,1,2,12,0,0,116.575,116.647,116.537,116.638,3901.000,
EURJPY,2016,1,1,11,0,0,116.519,116.666,116.513,116.576,3810.000,
EURJPY,2016,1,5,8,0,0,116.606,116.671,116.496,116.520,4055.000,
EURJPY,2016,1,4,7,0,0,116.689,116.710,116.516,116.604,4719.000,
EURJPY,2016,1,3,6,0,0,116.632,116.690,116.582,116.689,3981.000,
EURJPY,2016,1,2,5,0,0,116.590,116.655,116.524,116.632,4534.000,
EURJPY,2016,1,1,4,0,0,116.629,116.664,116.526,116.587,4385.000,
EURJPY,2015,12,4,31,0,0,116.761,116.812,116.600,116.637,5244.000,
EURJPY,2015,12,3,30,0,0,116.825,116.831,116.710,116.761,5541.000,
EURJPY,2015,12,2,29,0,0,116.724,116.850,116.724,116.824,5802.000,
EURJPY,2015,12,1,28,0,0,116.878,116.901,116.722,116.724,7108.000,
EURJPY,2015,12,4,24,0,0,116.837,116.897,116.823,116.876,5658.000,
EURJPY,2015,12,3,23,0,0,116.818,116.950,116.780,116.837,7039.000,
EURJPY,2015,12,2,22,0,0,116.713,116.827,116.687,116.818,3559.000,
EURJPY,2015,12,1,21,0,0,116.845,116.851,116.708,116.713,4548.000,
EURJPY,2015,12,5,18,0,0,116.880,116.971,116.818,116.844,4676.000,
EURJPY,2015,12,4,17,0,0,116.847,116.911,116.817,116.879,3637.000,
EURJPY,2015,12,3,16,0,0,116.756,116.890,116.749,116.849,3474.000,
EURJPY,2015,12,2,15,0,0,116.745,116.825,116.742,116.755,2941.000,
EURJPY,2015,12,1,14,0,0,116.803,116.826,116.717,116.744,3662.000,
EURJPY,2015,12,5,11,0,0,116.680,116.808,116.674,116.804,3785.000,
EURJPY,2015,12,4,10,0,0,116.644,116.687,116.602,116.680,3965.000,
EURJPY,2015,12,3,9,0,0,116.748,116.787,116.626,116.644,4122.000,
EURJPY,2015,12,2,8,0,0,116.776,116.801,116.686,116.749,4222.000,
EURJPY,2015,12,1,7,0,0,116.733,116.839,116.726,116.776,4522.000,
EURJPY,2015,12,5,4,0,0,116.570,116.848,116.521,116.733,5935.000,
EURJPY,2015,12,4,3,0,0,116.516,116.614,116.499,116.569,3343.000,
EURJPY,2015,12,3,2,0,0,116.489,116.548,116.442,116.516,3616.000,
EURJPY,2015,12,2,1,0,0,116.518,116.555,116.465,116.489,3174.000,
EURJPY,2015,11,1,30,0,0,116.426,116.527,116.367,116.520,2439.000,
EURJPY,2015,11,5,27,0,0,116.336,116.428,116.325,116.424,2268.000,
EURJPY,2015,11,4,26,0,0,116.422,116.428,116.336,116.336,1922.000,
EURJPY,2015,11,3,25,0,0,116.404,116.425,116.370,116.425,2349.000,
EURJPY,2015,11,2,24,0,0,116.295,116.405,116.273,116.405,2140.000,
EURJPY,2015,11,1,23,0,0,116.354,116.358,116.282,116.296,2608.000,
EURJPY,2015,11,5,20,0,0,116.356,116.397,116.349,116.353,2546.000,
EURJPY,2015,11,4,19,0,0,116.409,116.416,116.264,116.354,3770.000,
EURJPY,2015,11,3,18,0,0,116.404,116.499,116.384,116.408,3677.000,
EURJPY,2015,11,2,17,0,0,116.514,116.602,116.398,116.401,3413.000,
EURJPY,2015,11,1,16,0,0,116.433,116.565,116.420,116.512,3159.000,
EURJPY,2015,11,5,13,0,0,116.393,116.459,116.362,116.434,2191.000,
EURJPY,2015,11,4,12,0,0,116.344,116.409,116.333,116.395,1291.000,
EURJPY,2015,11,3,11,0,0,116.313,116.358,116.299,116.344,1627.000,
EURJPY,2015,11,2,10,0,0,116.346,116.387,116.288,116.310,1618.000,
EURJPY,2015,11,1,9,0,0,116.349,116.391,116.309,116.346,887.000,
EURJPY,2015,11,5,6,0,0,116.330,116.389,116.299,116.345,523.000,
EURJPY,2015,11,4,5,0,0,116.412,116.415,116.332,116.345,1850.000,
EURJPY,2015,11,3,4,0,0,116.402,116.454,116.390,116.413,1498.000,
EURJPY,2015,11,2,3,0,0,116.390,116.488,116.385,116.402,3766.000,
EURJPY,2015,11,1,2,0,0,116.334,116.399,116.266,116.388,4571.000,
EURJPY,2015,10,5,30,0,0,116.461,116.464,116.313,116.335,4103.000,
EURJPY,2015,10,4,29,0,0,116.297,116.466,116.270,116.462,3745.000,
EURJPY,2015,10,3,28,0,0,116.157,116.441,116.146,116.297,5275.000,
EURJPY,2015,10,2,27,0,0,116.124,116.177,116.086,116.158,3566.000,
EURJPY,2015,10,1,26,0,0,116.060,116.175,116.043,116.124,3917.000,
EURJPY,2015,10,5,23,0,0,116.051,116.073,115.976,116.062,4641.000,
EURJPY,2015,10,4,22,0,0,116.327,116.344,116.032,116.051,7112.000,
EURJPY,2015,10,3,21,0,0,116.295,116.368,116.192,116.327,6314.000,
EURJPY,2015,10,2,20,0,0,116.223,116.343,116.212,116.294,6741.000,
EURJPY,2015,10,1,19,0,0,116.392,116.396,116.192,116.225,7310.000,
EURJPY,2015,10,5,16,0,0,116.225,116.411,116.163,116.392,7560.000,
EURJPY,2015,10,4,15,0,0,116.330,116.331,116.188,116.223,5533.000,
EURJPY,2015,10,3,14,0,0,116.243,116.365,116.238,116.331,5826.000,
EURJPY,2015,10,2,13,0,0,116.189,116.295,116.150,116.243,4938.000,
EURJPY,2015,10,1,12,0,0,116.221,116.276,116.186,116.189,4604.000,
EURJPY,2015,10,5,9,0,0,116.042,116.288,116.042,116.221,5300.000,
EURJPY,2015,10,4,8,0,0,115.816,116.051,115.750,116.043,4574.000,
EURJPY,2015,10,3,7,0,0,115.870,115.909,115.781,115.816,4781.000,
EURJPY,2015,10,2,6,0,0,115.987,115.987,115.774,115.870,5230.000,
EURJPY,2015,10,1,5,0,0,115.961,116.052,115.960,115.986,4501.000,
EURJPY,2015,10,5,2,0,0,115.892,116.020,115.892,115.962,3220.000,
EURJPY,2015,10,4,1,0,0,115.935,115.970,115.865,115.890,4144.000,
EURJPY,2015,9,3,30,0,0,115.994,116.028,115.894,115.936,5111.000,
EURJPY,2015,9,2,29,0,0,116.168,116.170,115.971,115.993,4762.000,
EURJPY,2015,9,1,28,0,0,116.079,116.212,116.054,116.169,3465.000,
EURJPY,2015,9,5,25,0,0,116.144,116.159,116.061,116.079,4101.000,
EURJPY,2015,9,4,24,0,0,116.100,116.166,116.063,116.149,2823.000,
EURJPY,2015,9,3,23,0,0,116.074,116.114,116.061,116.096,2050.000,
EURJPY,2015,9,2,22,0,0,116.108,116.114,116.044,116.075,1990.000,
EURJPY,2015,9,1,21,0,0,115.972,116.131,115.953,116.110,2326.000,
EURJPY,2015,9,5,18,0,0,116.056,116.062,115.949,115.969,2255.000,
EURJPY,2015,9,4,17,0,0,116.065,116.081,116.036,116.053,2252.000,
EURJPY,2015,9,3,16,0,0,116.094,116.096,116.032,116.065,2424.000,
EURJPY,2015,9,2,15,0,0,116.139,116.148,116.008,116.093,3720.000,
EURJPY,2015,9,1,14,0,0,116.182,116.186,116.057,116.140,3668.000,
EURJPY,2015,9,5,11,0,0,116.099,116.199,116.058,116.183,3465.000,
EURJPY,2015,9,4,10,0,0,116.114,116.159,116.079,116.100,2887.000,
EURJPY,2015,9,3,9,0,0,116.146,116.192,116.110,116.114,3137.000,
EURJPY,2015,9,2,8,0,0,116.034,116.175,116.025,116.145,2709.000,
EURJPY,2015,9,1,7,0,0,116.021,116.054,115.974,116.037,1887.000,
EURJPY,2015,9,5,4,0,0,115.969,116.062,115.962,116.023,2203.000,
EURJPY,2015,9,4,3,0,0,116.035,116.051,115.920,115.968,2614.000,
EURJPY,2015,9,3,2,0,0,116.024,116.093,115.983,116.035,1420.000,
EURJPY,2015,9,2,1,0,0,115.880,116.102,115.865,116.024,1236.000,
EURJPY,2015,8,1,31,0,0,116.001,116.009,115.886,115.889,1626.000,
EURJPY,2015,8,5,28,0,0,115.895,116.025,115.895,116.002,1899.000,
EURJPY,2015,8,4,27,0,0,116.008,116.013,115.893,115.896,3587.000,
EURJPY,2015,8,3,26,0,0,115.768,116.014,115.747,116.009,4757.000,
EURJPY,2015,8,2,25,0,0,115.707,115.784,115.692,115.769,2888.000,
EURJPY,2015,8,1,24,0,0,115.624,115.766,115.618,115.708,2396.000,
EURJPY,2015,8,5,21,0,0,115.573,115.630,115.563,115.622,1913.000,
EURJPY,2015,8,4,20,0,0,115.611,115.621,115.551,115.573,2243.000,
EURJPY,2015,8,3,19,0,0,115.595,115.628,115.570,115.611,2672.000,
EURJPY,2015,8,2,18,0,0,115.606,115.621,115.566,115.597,2723.000,
EURJPY,2015,8,1,17,0,0,115.654,115.690,115.598,115.607,2875.000,
EURJPY,2015,8,5,14,0,0,115.554,115.658,115.536,115.655,4518.000,
EURJPY,2015,8,4,13,0,0,115.545,115.585,115.517,115.555,4073.000,
EURJPY,2015,8,3,12,0,0,115.580,115.664,115.535,115.544,5034.000,
EURJPY,2015,8,2,11,0,0,115.532,115.598,115.465,115.579,5830.000,
EURJPY,2015,8,1,10,0,0,115.588,115.601,115.510,115.532,3487.000,
EURJPY,2015,8,5,7,0,0,115.441,115.662,115.431,115.588,4708.000,
EURJPY,2015,8,4,6,0,0,115.440,115.494,115.395,115.443,3737.000,
EURJPY,2015,8,3,5,0,0,115.246,115.446,115.231,115.440,2996.000,
EURJPY,2015,8,2,4,0,0,115.157,115.275,115.145,115.248,2038.000,
EURJPY,2015,8,1,3,0,0,115.118,115.173,115.106,115.155,1390.000,
EURJPY,2015,7,5,31,0,0,115.070,115.118,115.055,115.117,1235.000,
EURJPY,2015,7,4,30,0,0,114.991,115.099,114.982,115.069,1387.000,
EURJPY,2015,7,3,29,0,0,115.099,115.109,114.978,114.991,2033.000,
EURJPY,2015,7,2,28,0,0,115.199,115.229,115.082,115.098,2792.000,
EURJPY,2015,7,1,27,0,0,115.227,115.274,115.143,115.199,1432.000,
EURJPY,2015,7,5,24,0,0,115.210,115.249,115.192,115.226,1878.000,
EURJPY,2015,7,4,23,0,0,115.108,115.332,115.100,115.211,2780.000,
EURJPY,2015,7,3,22,0,0,115.143,115.177,115.101,115.107,2232.000,
EURJPY,2015,7,2,21,0,0,115.028,115.174,115.008,115.143,3060.000,
EURJPY,2015,7,1,20,0,0,115.006,115.064,114.980,115.027,2241.000,
EURJPY,2015,7,5,17,0,0,114.966,115.012,114.944,115.008,1870.000,
EURJPY,2015,7,4,16,0,0,115.033,115.045,114.964,114.966,1891.000,
EURJPY,2015,7,3,15,0,0,115.002,115.050,114.994,115.034,1738.000,
EURJPY,2015,7,2,14,0,0,114.969,115.076,114.964,115.001,2503.000,
EURJPY,2015,7,1,13,0,0,114.951,115.002,114.951,114.967,1850.000,
EURJPY,2015,7,5,10,0,0,114.965,114.966,114.907,114.951,2139.000,
EURJPY,2015,7,4,9,0,0,114.924,114.972,114.878,114.966,3640.000,
EURJPY,2015,7,3,8,0,0,114.942,114.969,114.851,114.922,3571.000,
EURJPY,2015,7,2,7,0,0,115.041,115.084,114.929,114.943,3671.000,
EURJPY,2015,7,1,6,0,0,115.081,115.107,114.944,115.039,3202.000,
EURJPY,2015,7,5,3,0,0,114.914,115.096,114.889,115.081,3458.000,
EURJPY,2015,7,4,2,0,0,115.046,115.047,114.848,114.909,4080.000,
EURJPY,2015,7,3,1,0,0,115.165,115.201,115.045,115.046,2794.000,
EURJPY,2015,6,2,30,0,0,115.280,115.292,115.160,115.164,5054.000,
EURJPY,2015,6,1,29,0,0,115.325,115.423,115.251,115.280,4959.000,
EURJPY,2015,6,5,26,0,0,115.334,115.446,115.215,115.326,835.000,
EURJPY,2015,6,4,25,0,0,115.401,115.527,115.331,115.335,657.000,
EURJPY,2015,6,3,24,0,0,115.254,115.310,115.198,115.248,716.000,
EURJPY,2015,6,2,23,0,0,115.235,115.275,115.217,115.253,1113.000,
EURJPY,2015,6,1,22,0,0,115.217,115.261,115.202,115.236,917.000,
EURJPY,2015,6,5,19,0,0,115.226,115.228,115.198,115.216,557.000,
EURJPY,2015,6,4,18,0,0,115.255,115.263,115.216,115.227,693.000,
EURJPY,2015,6,3,17,0,0,115.320,115.335,115.230,115.254,1018.000,
EURJPY,2015,6,2,16,0,0,115.301,115.333,115.278,115.319,707.000,
EURJPY,2015,6,1,15,0,0,115.329,115.353,115.291,115.301,1429.000,
EURJPY,2015,6,5,12,0,0,115.392,115.410,115.287,115.329,1384.000,
EURJPY,2015,6,4,11,0,0,115.390,115.439,115.375,115.393,1148.000,
EURJPY,2015,6,3,10,0,0,115.359,115.392,115.338,115.389,1063.000,
EURJPY,2015,6,2,9,0,0,115.366,115.402,115.336,115.358,1213.000,
EURJPY,2015,6,1,8,0,0,115.385,115.397,115.339,115.367,992.000,
EURJPY,2015,6,5,5,0,0,115.407,115.417,115.379,115.385,976.000,
EURJPY,2015,6,4,4,0,0,115.498,115.509,115.347,115.410,2051.000,
EURJPY,2015,6,3,3,0,0,115.449,115.504,115.412,115.499,1987.000,
EURJPY,2015,6,2,2,0,0,115.561,115.643,115.436,115.450,4248.000,
EURJPY,2015,6,1,1,0,0,115.591,115.626,115.543,115.560,1777.000,
EURJPY,2015,5,5,29,0,0,115.540,115.615,115.534,115.582,2817.000,
EURJPY,2015,5,4,28,0,0,115.614,115.636,115.531,115.539,1386.000,
EURJPY,2015,5,3,27,0,0,115.653,115.666,115.603,115.614,1647.000,
EURJPY,2015,5,2,26,0,0,115.648,115.690,115.627,115.654,1553.000,
EURJPY,2015,5,1,25,0,0,115.670,115.686,115.638,115.647,1326.000,
EURJPY,2015,5,5,22,0,0,115.671,115.697,115.664,115.669,954.000,
EURJPY,2015,5,4,21,0,0,115.652,115.705,115.652,115.671,1484.000,
EURJPY,2015,5,3,20,0,0,115.682,115.699,115.633,115.653,1640.000,
EURJPY,2015,5,2,19,0,0,115.626,115.714,115.592,115.683,2782.000,
EURJPY,2015,5,1,18,0,0,115.554,115.645,115.544,115.625,1652.000,
EURJPY,2015,5,5,15,0,0,115.572,115.608,115.473,115.556,3579.000,
EURJPY,2015,5,4,14,0,0,115.516,115.617,115.510,115.572,2506.000,
EURJPY,2015,5,3,13,0,0,115.719,115.754,115.498,115.515,2974.000,
EURJPY,2015,5,2,12,0,0,115.827,115.847,115.681,115.719,2208.000,
EURJPY,2015,5,1,11,0,0,115.863,115.885,115.810,115.828,1964.000,
EURJPY,2015,5,5,8,0,0,115.856,115.898,115.827,115.862,1737.000,
EURJPY,2015,5,4,7,0,0,115.887,115.898,115.811,115.858,2263.000,
EURJPY,2015,5,3,6,0,0,115.860,115.932,115.856,115.888,1996.000,
EURJPY,2015,5,2,5,0,0,115.910,115.954,115.838,115.860,2118.000,
EURJPY,2015,5,1,4,0,0,115.961,116.010,115.897,115.912,2332.000,
EURJPY,2015,5,5,1,0,0,115.852,115.970,115.843,115.960,2322.000,
EURJPY,2015,4,4,30,0,0,115.820,115.880,115.814,115.852,2432.000,
EURJPY,2015,4,3,29,0,0,115.875,115.917,115.803,115.822,3087.000,
EURJPY,2015,4,2,28,0,0,115.812,115.907,115.796,115.874,1865.000,
EURJPY,2015,4,1,27,0,0,115.815,115.853,115.793,115.815,1504.000,
EURJPY,2015,4,5,24,0,0,115.867,115.875,115.809,115.816,1493.000,
EURJPY,2015,4,4,23,0,0,115.843,115.885,115.821,115.866,1941.000,
EURJPY,2015,4,3,22,0,0,115.855,115.890,115.785,115.844,1800.000,
EURJPY,2015,4,2,21,0,0,115.799,115.869,115.791,115.855,915.000,
EURJPY,2015,4,1,20,0,0,115.807,115.932,115.748,115.796,533.000,
EURJPY,2015,4,5,17,0,0,115.865,115.866,115.734,115.759,2394.000,
EURJPY,2015,4,4,16,0,0,115.788,115.885,115.788,115.864,2125.000,
EURJPY,2015,4,3,15,0,0,115.834,115.885,115.776,115.788,3762.000,
EURJPY,2015,4,2,14,0,0,115.835,115.881,115.824,115.835,2635.000,
EURJPY,2015,4,1,13,0,0,115.840,115.894,115.793,115.834,2346.000,
EURJPY,2015,4,5,10,0,0,115.787,115.853,115.762,115.839,2878.000,
EURJPY,2015,4,4,9,0,0,115.761,115.797,115.719,115.787,3220.000,
EURJPY,2015,4,3,8,0,0,115.857,115.876,115.714,115.761,5003.000,
EURJPY,2015,4,2,7,0,0,116.009,116.027,115.856,115.856,4245.000,
EURJPY,2015,4,1,6,0,0,116.103,116.110,115.981,116.010,3873.000,
EURJPY,2015,4,5,3,0,0,116.118,116.151,116.077,116.102,3719.000,
EURJPY,2015,4,4,2,0,0,116.028,116.142,116.001,116.118,5205.000,
EURJPY,2015,4,3,1,0,0,116.042,116.118,116.013,116.022,6677.000,
EURJPY,2015,3,2,31,0,0,116.055,116.096,115.992,116.043,7001.000,
EURJPY,2015,3,1,30,0,0,116.066,116.120,115.986,116.060,8366.000,
EURJPY,2015,3,5,27,0,0,116.008,116.115,115.986,116.066,4642.000,
EURJPY,2015,3,4,26,0,0,116.003,116.120,115.969,116.008,5349.000,
EURJPY,2015,3,3,25,0,0,115.972,116.047,115.917,116.008,5168.000,
EURJPY,2015,3,2,24,0,0,116.058,116.059,115.945,115.973,4672.000,
EURJPY,2015,3,1,23,0,0,115.982,116.062,115.923,116.057,3394.000,
EURJPY,2015,3,5,20,0,0,115.964,116.022,115.928,115.983,3772.000,
EURJPY,2015,3,4,19,0,0,115.922,115.981,115.890,115.965,2991.000,
EURJPY,2015,3,3,18,0,0,115.995,116.021,115.895,115.922,3579.000,
EURJPY,2015,3,2,17,0,0,116.033,116.081,115.979,115.997,3454.000,
EURJPY,2015,3,1,16,0,0,116.034,116.068,115.999,116.033,4028.000,
EURJPY,2015,3,5,13,0,0,116.034,116.055,115.921,116.034,4684.000,
EURJPY,2015,3,4,12,0,0,116.181,116.202,115.994,116.034,4687.000,
EURJPY,2015,3,3,11,0,0,116.310,116.318,116.170,116.179,5482.000,
EURJPY,2015,3,2,10,0,0,116.337,116.439,116.305,116.311,5518.000,
EURJPY,2015,3,1,9,0,0,116.302,116.451,116.281,116.335,5190.000,
EURJPY,2015,3,5,6,0,0,116.239,116.345,116.227,116.307,4367.000,
EURJPY,2015,3,4,5,0,0,116.165,116.268,116.151,116.239,3138.000,
EURJPY,2015,3,3,4,0,0,116.113,116.167,116.102,116.165,2279.000,
EURJPY,2015,3,2,3,0,0,116.123,116.163,116.108,116.114,1931.000,
EURJPY,2015,3,1,2,0,0,116.157,116.175,116.094,116.122,2406.000,
EURJPY,2015,2,5,27,0,0,116.146,116.191,116.126,116.158,3100.000,
EURJPY,2015,2,4,26,0,0,116.107,116.167,116.065,116.148,3733.000,
EURJPY,2015,2,3,25,0,0,116.017,116.110,115.998,116.107,4257.000,
EURJPY,2015,2,2,24,0,0,116.028,116.145,115.986,116.017,5527.000,
EURJPY,2015,2,1,23,0,0,116.063,116.091,116.000,116.029,4867.000,
EURJPY,2015,2,5,20,0,0,116.120,116.162,116.030,116.062,4255.000,
EURJPY,2015,2,4,19,0,0,116.177,116.192,116.055,116.120,4319.000,
EURJPY,2015,2,3,18,0,0,116.274,116.274,116.128,116.175,3417.000,
EURJPY,2015,2,2,17,0,0,116.313,116.356,116.226,116.276,2134.000,
EURJPY,2015,2,1,16,0,0,116.219,116.315,116.219,116.313,2301.000,
EURJPY,2015,2,5,13,0,0,116.260,116.266,116.188,116.216,2762.000,
EURJPY,2015,2,4,12,0,0,116.231,116.266,116.177,116.261,1214.000,
EURJPY,2015,2,3,11,0,0,116.237,116.331,116.195,116.232,912.000,
EURJPY,2015,2,2,10,0,0,116.418,116.439,116.192,116.244,3737.000,
EURJPY,2015,2,1,9,0,0,116.337,116.428,116.329,116.418,3666.000,
EURJPY,2015,2,5,6,0,0,116.338,116.435,116.283,116.337,7349.000,
EURJPY,2015,2,4,5,0,0,116.252,116.353,116.060,116.337,8417.000,
EURJPY,2015,2,3,4,0,0,116.277,116.294,116.186,116.254,3371.000,
EURJPY,2015,2,2,3,0,0,116.329,116.333,116.210,116.278,3483.000,
EURJPY,2015,2,1,2,0,0,116.222,116.355,116.208,116.328,4870.000,
EURJPY,2015,1,5,30,0,0,116.180,116.278,116.174,116.223,3988.000,
EURJPY,2015,1,4,29,0,0,116.239,116.269,116.170,116.181,3283.000,
EURJPY,2015,1,3,28,0,0,116.216,116.328,116.201,116.238,3559.000,
EURJPY,2015,1,2,27,0,0,116.279,116.281,116.127,116.215,4828.000,
EURJPY,2015,1,1,26,0,0,116.268,116.370,116.231,116.279,5171.000,
EURJPY,2015,1,5,23,0,0,116.296,116.354,116.231,116.265,6602.000,
EURJPY,2015,1,4,22,0,0,116.375,116.400,116.242,116.296,6381.000,
EURJPY,2015,1,3,21,0,0,116.201,116.439,116.157,116.374,7573.000,
EURJPY,2015,1,2,20,0,0,116.105,116.224,116.061,116.201,4235.000,
EURJPY,2015,1,1,19,0,0,116.165,116.180,116.065,116.106,4350.000,
EURJPY,2015,1,5,16,0,0,116.209,116.261,116.132,116.166,4567.000,
EURJPY,2015,1,4,15,0,0,116.195,116.237,116.172,116.207,3029.000,
EURJPY,2015,1,3,14,0,0,116.191,116.285,116.155,116.193,3556.000,
EURJPY,2015,1,2,13,0,0,116.230,116.255,116.131,116.192,3501.000,
EURJPY,2015,1,1,12,0,0,116.288,116.361,116.207,116.229,3516.000,
EURJPY,2015,1,5,9,0,0,116.426,116.435,116.284,116.288,3895.000,
EURJPY,2015,1,4,8,0,0,116.468,116.539,116.401,116.425,3831.000,
EURJPY,2015,1,3,7,0,0,116.448,116.516,116.421,116.468,3782.000,
EURJPY,2015,1,2,6,0,0,116.447,116.497,116.355,116.453,3960.000,
EURJPY,2015,1,1,5,0,0,116.479,116.519,116.425,116.446,3578.000,
EURJPY,2015,1,5,2,0,0,116.348,116.540,116.292,116.479,5600.000,
EURJPY,2014,12,3,31,0,0,116.299,116.385,116.244,116.343,3715.000,
EURJPY,2014,12,2,30,0,0,116.182,116.306,116.166,116.300,4282.000,
EURJPY,2014,12,1,29,0,0,116.039,116.194,116.032,116.181,3380.000,
EURJPY,2014,12,5,26,0,0,116.026,116.045,115.977,116.040,2241.000,
EURJPY,2014,12,3,24,0,0,116.053,116.081,115.980,116.025,2125.000,
EURJPY,2014,12,2,23,0,0,116.060,116.133,115.988,116.054,2715.000,
EURJPY,2014,12,1,22,0,0,116.066,116.087,116.051,116.059,2097.000,
EURJPY,2014,12,5,19,0,0,116.055,116.074,115.925,116.067,2927.000,
EURJPY,2014,12,4,18,0,0,116.089,116.102,116.032,116.055,3389.000,
EURJPY,2014,12,3,17,0,0,116.193,116.199,116.088,116.088,2801.000,
EURJPY,2014,12,2,16,0,0,116.153,116.228,116.087,116.192,4389.000,
EURJPY,2014,12,1,15,0,0,116.057,116.195,116.015,116.152,5861.000,
EURJPY,2014,12,5,12,0,0,116.322,116.379,116.012,116.056,4213.000,
EURJPY,2014,12,4,11,0,0,116.220,116.385,116.207,116.322,4047.000,
EURJPY,2014,12,3,10,0,0,116.358,116.363,116.220,116.221,2298.000,
EURJPY,2014,12,2,9,0,0,116.284,116.370,116.269,116.359,1523.000,
EURJPY,2014,12,1,8,0,0,116.278,116.313,116.247,116.283,1637.000,
EURJPY,2014,12,5,5,0,0,116.201,116.295,116.180,116.271,5473.000,
EURJPY,2014,12,4,4,0,0,116.180,116.238,116.144,116.205,663.000,
EURJPY,2014,12,3,3,0,0,116.217,116.246,116.171,116.180,556.000,
EURJPY,2014,12,2,2,0,0,116.283,116.306,116.218,116.228,1706.000,
EURJPY,2014,12,1,1,0,0,116.344,116.344,116.283,116.283,1424.000,
EURJPY,2014,11,5,28,0,0,116.317,116.385,116.315,116.344,3321.000,
EURJPY,2014,11,4,27,0,0,116.344,116.351,116.284,116.319,3518.000,
EURJPY,2014,11,3,26,0,0,116.317,116.400,116.296,116.346,3892.000,
EURJPY,2014,11,2,25,0,0,116.317,116.374,116.273,116.318,4245.000,
EURJPY,2014,11,1,24,0,0,116.474,116.480,116.294,116.319,4222.000,
EURJPY,2014,11,5,21,0,0,116.447,116.569,116.440,116.476,4665.000,
EURJPY,2014,11,4,20,0,0,116.511,116.571,116.406,116.447,4524.000,
EURJPY,2014,11,3,19,0,0,116.469,116.540,116.423,116.512,5341.000,
EURJPY,2014,11,2,18,0,0,116.530,116.618,116.396,116.470,6065.000,
EURJPY,2014,11,1,17,0,0,116.627,116.682,116.503,116.529,9314.000,
EURJPY,2014,11,5,14,0,0,117.003,117.050,116.518,116.626,10147.000,
EURJPY,2014,11,4,13,0,0,117.054,117.127,116.919,117.004,7667.000,
EURJPY,2014,11,3,12,0,0,117.082,117.113,116.938,117.054,8077.000,
EURJPY,2014,11,2,11,0,0,117.176,117.185,117.031,117.084,4700.000,
EURJPY,2014,11,1,10,0,0,117.309,117.311,117.151,117.174,4339.000,
EURJPY,2014,11,5,7,0,0,117.398,117.403,117.284,117.309,4013.000,
EURJPY,2014,11,4,6,0,0,117.358,117.406,117.338,117.399,2904.000,
EURJPY,2014,11,3,5,0,0,117.385,117.415,117.332,117.357,2859.000,
EURJPY,2014,11,2,4,0,0,117.396,117.413,117.356,117.386,2441.000,
EURJPY,2014,11,1,3,0,0,117.364,117.459,117.356,117.398,3698.000,
EURJPY,2014,10,5,31,0,0,117.408,117.422,117.307,117.364,3029.000,
EURJPY,2014,10,4,30,0,0,117.301,117.421,117.278,117.407,3637.000,
EURJPY,2014,10,3,29,0,0,117.236,117.365,117.231,117.301,4659.000,
EURJPY,2014,10,2,28,0,0,117.067,117.267,117.054,117.236,4308.000,
EURJPY,2014,10,1,27,0,0,117.029,117.127,117.013,117.067,4571.000,
EURJPY,2014,10,5,24,0,0,117.045,117.063,116.875,117.028,5680.000,
EURJPY,2014,10,4,23,0,0,117.127,117.129,116.983,117.048,3523.000,
EURJPY,2014,10,3,22,0,0,117.169,117.208,117.116,117.125,3203.000,
EURJPY,2014,10,2,21,0,0,117.135,117.179,117.099,117.171,2504.000,
EURJPY,2014,10,1,20,0,0,117.142,117.185,117.107,117.136,2461.000,
EURJPY,2014,10,5,17,0,0,117.100,117.161,117.089,117.141,1679.000,
EURJPY,2014,10,4,16,0,0,117.167,117.171,117.058,117.101,2051.000,
EURJPY,2014,10,3,15,0,0,117.175,117.202,117.152,117.168,2108.000,
EURJPY,2014,10,2,14,0,0,117.159,117.175,117.069,117.175,2777.000,
EURJPY,2014,10,1,13,0,0,117.175,117.182,117.102,117.158,3607.000,
EURJPY,2014,10,5,10,0,0,117.277,117.283,117.158,117.175,3506.000,
EURJPY,2014,10,4,9,0,0,117.319,117.378,117.274,117.277,2952.000,
EURJPY,2014,10,3,8,0,0,117.318,117.365,117.296,117.319,2902.000,
EURJPY,2014,10,2,7,0,0,117.333,117.369,117.293,117.319,2955.000,
EURJPY,2014,10,1,6,0,0,117.299,117.371,117.233,117.331,3617.000,
EURJPY,2014,10,5,3,0,0,117.383,117.389,117.269,117.299,2057.000,
EURJPY,2014,10,4,2,0,0,117.375,117.410,117.359,117.382,1352.000,
EURJPY,2014,10,3,1,0,0,117.444,117.466,117.275,117.376,2511.000,
EURJPY,2014,9,2,30,0,0,117.449,117.467,117.413,117.444,1560.000,
EURJPY,2014,9,1,29,0,0,117.464,117.490,117.433,117.445,1308.000,
EURJPY,2014,9,5,26,0,0,117.508,117.528,117.447,117.465,952.000,
EURJPY,2014,9,4,25,0,0,117.581,117.581,117.454,117.516,2316.000,
EURJPY,2014,9,3,24,0,0,117.512,117.655,117.509,117.581,2760.000,
EURJPY,2014,9,2,23,0,0,117.563,117.606,117.511,117.516,3233.000,
EURJPY,2014,9,1,22,0,0,117.551,117.621,117.530,117.561,3396.000,
EURJPY,2014,9,5,19,0,0,117.559,117.611,117.546,117.551,3427.000,
EURJPY,2014,9,4,18,0,0,117.599,117.616,117.557,117.559,3694.000,
EURJPY,2014,9,3,17,0,0,117.576,117.659,117.573,117.598,3157.000,
EURJPY,2014,9,2,16,0,0,117.625,117.634,117.552,117.574,2934.000,
EURJPY,2014,9,1,15,0,0,117.567,117.643,117.537,117.624,3377.000,
EURJPY,2014,9,5,12,0,0,117.658,117.669,117.497,117.566,4141.000,
EURJPY,2014,9,4,11,0,0,117.847,117.852,117.644,117.659,4590.000,
EURJPY,2014,9,3,10,0,0,117.801,117.878,117.757,117.847,4307.000,
EURJPY,2014,9,2,9,0,0,117.755,117.887,117.753,117.801,4887.000,
EURJPY,2014,9,1,8,0,0,117.882,117.886,117.743,117.755,5154.000,
EURJPY,2014,9,5,5,0,0,117.753,117.944,117.731,117.880,6359.000,
EURJPY,2014,9,4,4,0,0,117.695,117.808,117.690,117.752,4237.000,
EURJPY,2014,9,3,3,0,0,117.771,117.822,117.677,117.695,3884.000,
EURJPY,2014,9,2,2,0,0,117.713,117.793,117.693,117.772,3951.000,
EURJPY,2014,9,1,1,0,0,117.664,117.808,117.651,117.714,3524.000,
EURJPY,2014,8,5,29,0,0,117.680,117.734,117.657,117.665,3131.000,
EURJPY,2014,8,4,28,0,0,117.677,117.728,117.647,117.680,2737.000,
EURJPY,2014,8,3,27,0,0,117.647,117.685,117.586,117.677,3194.000,
EURJPY,2014,8,2,26,0,0,117.767,117.767,117.648,117.649,3412.000,
EURJPY,2014,8,1,25,0,0,117.821,117.863,117.765,117.768,2983.000,
EURJPY,2014,8,5,22,0,0,117.797,117.854,117.779,117.822,3127.000,
EURJPY,2014,8,4,21,0,0,117.854,117.872,117.752,117.797,3759.000,
EURJPY,2014,8,3,20,0,0,117.747,117.888,117.737,117.855,3983.000,
EURJPY,2014,8,2,19,0,0,117.759,117.824,117.719,117.748,4460.000,
EURJPY,2014,8,1,18,0,0,117.838,117.855,117.751,117.758,3619.000,
EURJPY,2014,8,5,15,0,0,118.054,118.059,117.836,117.837,3772.000,
EURJPY,2014,8,4,14,0,0,117.929,118.058,117.929,118.055,2933.000,
EURJPY,2014,8,3,13,0,0,117.938,117.973,117.890,117.929,2452.000,
EURJPY,2014,8,2,12,0,0,117.902,117.951,117.885,117.938,2133.000,
EURJPY,2014,8,1,11,0,0,117.918,117.926,117.855,117.902,1862.000,
EURJPY,2014,8,5,8,0,0,117.885,117.930,117.882,117.917,1781.000,
EURJPY,2014,8,4,7,0,0,117.864,117.908,117.864,117.886,1681.000,
EURJPY,2014,8,3,6,0,0,117.899,117.912,117.839,117.865,2587.000,
EURJPY,2014,8,2,5,0,0,117.915,117.949,117.865,117.899,3541.000,
EURJPY,2014,8,1,4,0,0,117.901,117.963,117.873,117.915,3532.000,
EURJPY,2014,8,5,1,0,0,117.855,118.005,117.854,117.901,4426.000,
EURJPY,2014,7,4,31,0,0,117.887,117.932,117.837,117.856,3749.000,
EURJPY,2014,7,3,30,0,0,117.667,117.897,117.667,117.888,3340.000,
EURJPY,2014,7,2,29,0,0,117.693,117.726,117.660,117.669,1944.000,
EURJPY,2014,7,1,28,0,0,117.735,117.769,117.683,117.692,1927.000,
EURJPY,2014,7,5,25,0,0,117.726,117.781,117.700,117.735,2438.000,
EURJPY,2014,7,4,24,0,0,117.548,117.749,117.528,117.726,2939.000,
EURJPY,2014,7,3,23,0,0,117.556,117.577,117.538,117.548,392.000,
EURJPY,2014,7,2,22,0,0,117.539,117.599,117.519,117.555,483.000,
EURJPY,2014,7,1,21,0,0,117.726,117.734,117.618,117.623,1960.000,
EURJPY,2014,7,5,18,0,0,117.812,117.851,117.688,117.726,2414.000,
EURJPY,2014,7,4,17,0,0,117.768,117.844,117.727,117.811,3376.000,
EURJPY,2014,7,3,16,0,0,117.695,117.811,117.683,117.769,4031.000,
EURJPY,2014,7,2,15,0,0,117.812,117.812,117.687,117.697,3913.000,
EURJPY,2014,7,1,14,0,0,117.839,117.878,117.778,117.812,4740.000,
EURJPY,2014,7,5,11,0,0,117.845,117.875,117.797,117.840,5544.000,
EURJPY,2014,7,4,10,0,0,117.794,117.855,117.721,117.844,7249.000,
EURJPY,2014,7,3,9,0,0,117.534,117.835,117.430,117.798,5685.000,
EURJPY,2014,7,2,8,0,0,117.572,117.590,117.504,117.534,3835.000,
EURJPY,2014,7,1,7,0,0,117.573,117.584,117.502,117.572,5889.000,
EURJPY,2014,7,5,4,0,0,117.557,117.632,117.456,117.575,7445.000,
EURJPY,2014,7,4,3,0,0,117.684,117.691,117.548,117.556,7397.000,
EURJPY,2014,7,3,2,0,0,117.635,117.747,117.603,117.684,7886.000,
EURJPY,2014,7,2,1,0,0,117.736,117.786,117.594,117.635,9585.000,
EURJPY,2014,6,1,30,0,0,117.501,117.810,117.461,117.735,8801.000,
EURJPY,2014,6,5,27,0,0,117.704,117.704,117.372,117.502,12334.000,
EURJPY,2014,6,4,26,0,0,117.588,117.733,117.583,117.666,5089.000,
EURJPY,2014,6,3,25,0,0,117.683,117.686,117.583,117.588,4037.000,
EURJPY,2014,6,2,24,0,0,117.627,117.701,117.598,117.682,4340.000,
EURJPY,2014,6,1,23,0,0,117.642,117.688,117.615,117.627,3322.000,
EURJPY,2014,6,5,20,0,0,117.677,117.686,117.579,117.640,3449.000,
EURJPY,2014,6,4,19,0,0,117.663,117.720,117.586,117.677,4137.000,
EURJPY,2014,6,3,18,0,0,117.636,117.729,117.595,117.663,4525.000,
EURJPY,2014,6,2,17,0,0,117.575,117.699,117.566,117.636,4656.000,
EURJPY,2014,6,1,16,0,0,117.643,117.701,117.575,117.577,4651.000,
EURJPY,2014,6,5,13,0,0,117.651,117.742,117.604,117.643,5145.000,
EURJPY,2014,6,4,12,0,0,117.649,117.760,117.527,117.651,5960.000,
EURJPY,2014,6,3,11,0,0,117.783,117.814,117.653,117.653,4447.000,
EURJPY,2014,6,2,10,0,0,117.639,117.861,117.635,117.783,6398.000,
EURJPY,2014,6,1,9,0,0,117.773,117.819,117.619,117.638,4874.000,
EURJPY,2014,6,5,6,0,0,117.680,117.840,117.623,117.775,4074.000,
EURJPY,2014,6,4,5,0,0,117.665,117.721,117.636,117.681,3128.000,
EURJPY,2014,6,3,4,0,0,117.626,117.750,117.620,117.666,4272.000,
EURJPY,2014,6,2,3,0,0,117.528,117.667,117.492,117.626,3897.000,
EURJPY,2014,6,1,2,0,0,117.512,117.571,117.490,117.525,3823.000,
EURJPY,2014,5,5,30,0,0,117.451,117.548,117.353,117.513,5956.000,
EURJPY,2014,5,4,29,0,0,117.496,117.533,117.380,117.452,9111.000,
EURJPY,2014,5,3,28,0,0,117.512,117.785,117.449,117.496,9979.000,
EURJPY,2014,5,2,27,0,0,118.054,118.081,117.311,117.514,8009.000,
EURJPY,2014,5,1,26,0,0,118.123,118.158,118.050,118.055,2392.000,
EURJPY,2014,5,5,23,0,0,118.022,118.128,118.007,118.122,3201.000,
EURJPY,2014,5,4,22,0,0,118.015,118.060,118.005,118.025,1562.000,
EURJPY,2014,5,3,21,0,0,117.967,118.036,117.957,118.016,1059.000,
EURJPY,2014,5,2,20,0,0,117.977,117.991,117.948,117.970,829.000,
EURJPY,2014,5,1,19,0,0,117.955,117.984,117.923,117.978,1209.000,
EURJPY,2014,5,5,16,0,0,117.881,117.980,117.881,117.954,640.000,
EURJPY,2014,5,4,15,0,0,117.901,117.958,117.881,117.882,357.000,
EURJPY,2014,5,3,14,0,0,117.870,117.946,117.870,117.937,1485.000,
EURJPY,2014,5,2,13,0,0,117.910,117.910,117.843,117.870,1940.000,
EURJPY,2014,5,1,12,0,0,117.950,117.977,117.877,117.906,4285.000,
EURJPY,2014,5,5,9,0,0,117.902,117.983,117.900,117.951,4464.000,
EURJPY,2014,5,4,8,0,0,118.000,118.049,117.898,117.901,4491.000,
EURJPY,2014,5,3,7,0,0,118.069,118.083,117.995,117.998,3181.000,
EURJPY,2014,5,2,6,0,0,118.071,118.110,118.063,118.069,3434.000,
EURJPY,2014,5,1,5,0,0,118.073,118.159,118.050,118.073,3486.000,
EURJPY,2014,5,5,2,0,0,118.167,118.191,118.039,118.074,3700.000,
EURJPY,2014,5,4,1,0,0,118.224,118.251,118.145,118.167,3949.000,
EURJPY,2014,4,3,30,0,0,118.245,118.323,118.213,118.227,5226.000,
EURJPY,2014,4,2,29,0,0,118.138,118.270,118.118,118.246,6471.000,
EURJPY,2014,4,1,28,0,0,118.220,118.287,118.126,118.138,6845.000,
EURJPY,2014,4,5,25,0,0,118.085,118.235,118.062,118.222,7166.000,
EURJPY,2014,4,4,24,0,0,118.086,118.126,117.938,118.085,8244.000,
EURJPY,2014,4,3,23,0,0,118.119,118.189,118.029,118.085,4297.000,
EURJPY,2014,4,2,22,0,0,118.236,118.272,118.113,118.115,5362.000,
EURJPY,2014,4,1,21,0,0,118.203,118.274,118.178,118.236,5187.000,
EURJPY,2014,4,5,18,0,0,118.327,118.421,118.195,118.203,6044.000,
EURJPY,2014,4,4,17,0,0,118.275,118.330,118.224,118.326,4442.000,
EURJPY,2014,4,3,16,0,0,118.082,118.306,118.049,118.276,5155.000,
EURJPY,2014,4,2,15,0,0,118.122,118.186,118.072,118.080,3940.000,
EURJPY,2014,4,1,14,0,0,118.160,118.202,118.101,118.123,4109.000,
EURJPY,2014,4,5,11,0,0,118.001,118.202,117.990,118.160,5242.000,
EURJPY,2014,4,4,10,0,0,117.855,118.033,117.852,117.998,5554.000,
EURJPY,2014,4,3,9,0,0,117.651,117.892,117.616,117.855,5070.000,
EURJPY,2014,4,2,8,0,0,117.514,117.681,117.452,117.652,6357.000,
EURJPY,2014,4,1,7,0,0,118.011,118.012,117.357,117.513,8754.000,
EURJPY,2014,4,5,4,0,0,117.953,118.085,117.937,118.012,3941.000,
EURJPY,2014,4,4,3,0,0,117.811,117.984,117.794,117.956,4551.000,
EURJPY,2014,4,3,2,0,0,117.901,117.923,117.789,117.815,3461.000,
EURJPY,2014,4,2,1,0,0,117.959,117.974,117.878,117.900,3096.000,
EURJPY,2014,3,1,31,0,0,117.898,117.969,117.892,117.959,1986.000,
EURJPY,2014,3,5,28,0,0,117.936,117.953,117.880,117.897,2688.000,
EURJPY,2014,3,4,27,0,0,117.920,117.957,117.906,117.933,3090.000,
EURJPY,2014,3,3,26,0,0,117.957,117.958,117.884,117.922,3317.000,
EURJPY,2014,3,2,25,0,0,117.951,117.960,117.828,117.958,3385.000,
EURJPY,2014,3,1,24,0,0,118.018,118.023,117.939,117.951,3945.000,
EURJPY,2014,3,5,21,0,0,117.929,118.073,117.903,118.023,4531.000,
EURJPY,2014,3,4,20,0,0,117.902,117.969,117.879,117.930,2954.000,
EURJPY,2014,3,3,19,0,0,117.881,117.977,117.823,117.903,4021.000,
EURJPY,2014,3,2,18,0,0,117.810,117.928,117.780,117.881,4569.000,
EURJPY,2014,3,1,17,0,0,117.906,117.916,117.777,117.810,2528.000,
EURJPY,2014,3,5,14,0,0,117.886,117.937,117.776,117.908,2376.000,
EURJPY,2014,3,4,13,0,0,117.843,117.940,117.824,117.886,1870.000,
EURJPY,2014,3,3,12,0,0,117.886,117.913,117.767,117.842,5054.000,
EURJPY,2014,3,2,11,0,0,118.054,118.054,117.814,117.874,1927.000,
EURJPY,2014,3,1,10,0,0,118.016,118.083,118.015,118.054,571.000,
EURJPY,2014,3,5,7,0,0,118.091,118.116,118.024,118.039,2711.000,
EURJPY,2014,3,4,6,0,0,118.159,118.163,118.029,118.087,2976.000,
EURJPY,2014,3,3,5,0,0,118.201,118.236,118.080,118.164,7850.000,
EURJPY,2014,3,2,4,0,0,118.291,118.308,118.146,118.203,7387.000,
EURJPY,2014,3,1,3,0,0,118.573,118.579,118.284,118.292,7183.000,
EURJPY,2014,2,5,28,0,0,118.528,118.587,118.424,118.573,8090.000,
EURJPY,2014,2,4,27,0,0,118.495,118.575,118.490,118.523,3046.000,
EURJPY,2014,2,3,26,0,0,118.483,118.531,118.468,118.495,3699.000,
EURJPY,2014,2,2,25,0,0,118.532,118.552,118.453,118.483,3938.000,
EURJPY,2014,2,1,24,0,0,118.552,118.572,118.492,118.530,3715.000,
EURJPY,2014,2,5,21,0,0,118.518,118.591,118.483,118.551,5795.000,
EURJPY,2014,2,4,20,0,0,118.514,118.577,118.448,118.517,6969.000,
EURJPY,2014,2,3,19,0,0,118.555,118.616,118.478,118.514,7227.000,
EURJPY,2014,2,2,18,0,0,118.759,118.776,118.550,118.554,7594.000,
EURJPY,2014,2,1,17,0,0,118.702,118.791,118.644,118.762,6482.000,
EURJPY,2014,2,5,14,0,0,118.605,118.704,118.567,118.703,5402.000,
EURJPY,2014,2,4,13,0,0,118.587,118.685,118.546,118.605,6031.000,
EURJPY,2014,2,3,12,0,0,118.497,118.633,118.414,118.588,7637.000,
EURJPY,2014,2,2,11,0,0,118.217,118.506,118.209,118.496,5929.000,
EURJPY,2014,2,1,10,0,0,118.280,118.290,118.181,118.216,3388.000,
EURJPY,2014,2,5,7,0,0,118.248,118.315,118.224,118.279,3289.000,
EURJPY,2014,2,4,6,0,0,118.285,118.348,118.229,118.249,3012.000,
EURJPY,2014,2,3,5,0,0,118.307,118.377,118.235,118.285,4544.000,
EURJPY,2014,2,2,4,0,0,118.256,118.358,118.220,118.307,5423.000,
EURJPY,2014,2,1,3,0,0,118.151,118.314,118.150,118.256,4850.000,
EURJPY,2014,1,5,31,0,0,118.073,118.158,118.067,118.149,4676.000,
EURJPY,2014,1,4,30,0,0,118.267,118.295,118.034,118.073,5411.000,
EURJPY,2014,1,3,29,0,0,118.181,118.316,118.091,118.270,5795.000,
EURJPY,2014,1,2,28,0,0,118.083,118.181,118.049,118.181,4394.000,
EURJPY,2014,1,1,27,0,0,118.183,118.192,118.062,118.087,4463.000,
EURJPY,2014,1,5,24,0,0,118.103,118.213,118.059,118.183,3512.000,
EURJPY,2014,1,4,23,0,0,118.092,118.130,118.038,118.104,2615.000,
EURJPY,2014,1,3,22,0,0,118.079,118.130,118.041,118.092,2838.000,
EURJPY,2014,1,2,21,0,0,118.101,118.103,118.014,118.078,2957.000,
EURJPY,2014,1,1,20,0,0,118.155,118.158,118.070,118.101,3676.000,
EURJPY,2014,1,5,17,0,0,118.223,118.242,118.154,118.156,3009.000,
EURJPY,2014,1,4,16,0,0,118.259,118.262,118.217,118.223,1979.000,
EURJPY,2014,1,3,15,0,0,118.301,118.309,118.247,118.260,2135.000,
EURJPY,2014,1,2,14,0,0,118.284,118.307,118.219,118.301,4149.000,
EURJPY,2014,1,1,13,0,0,118.270,118.327,118.240,118.284,3729.000,
EURJPY,2014,1,5,10,0,0,118.355,118.384,118.261,118.271,3315.000,
EURJPY,2014,1,4,9,0,0,118.360,118.444,118.319,118.355,2945.000,
EURJPY,2014,1,3,8,0,0,118.303,118.453,118.299,118.359,1905.000,
EURJPY,2014,1,2,7,0,0,118.344,118.351,118.293,118.302,1135.000,
EURJPY,2014,1,1,6,0,0,118.232,118.367,118.232,118.342,2277.000,
EURJPY,2014,1,5,3,0,0,118.203,118.274,118.200,118.235,1852.000,
